Role,ID/Code,Name,Class/Section,Email,Password
Admin,DHIRENDRA,"DHIRENDRA",All,principal@attendence.com,Dhirendra@2026
Teacher,TCH001,"Arjun Sharma",Class 1 (A+B),teacher1@attendence.com,Teacher@2026
Teacher,TCH002,"Priya Patel",Class 2 (A+B),teacher2@attendence.com,Teacher@2026
Teacher,TCH003,"Rohan Verma",Class 3 (A+B),teacher3@attendence.com,Teacher@2026
Teacher,TCH004,"Sneha Gupta",Class 4 (A+B),teacher4@attendence.com,Teacher@2026
Teacher,TCH005,"Amit Singh",Class 5 (A+B),teacher5@attendence.com,Teacher@2026
Teacher,TCH006,"Nisha Joshi",Class 6 (A+B),teacher6@attendence.com,Teacher@2026
Teacher,TCH007,"Deepak Kumar",Class 7 (A+B),teacher7@attendence.com,Teacher@2026
Teacher,TCH008,"Sunita Rao",Class 8 (A+B),teacher8@attendence.com,Teacher@2026
Teacher,TCH009,"Vikram Malhotra",Class 9 (A+B),teacher9@attendence.com,Teacher@2026
Teacher,TCH010,"Kavita Nair",Class 10 (A+B),teacher10@attendence.com,Teacher@2026
Student,APS-2026-1A-001,"Aarav Verma",1 - A,student1@attendence.com,Student@2026
Student,APS-2026-1A-002,"Vivaan Patel",1 - A,student2@attendence.com,Student@2026
Student,APS-2026-1A-003,"Aditya Singh",1 - A,student3@attendence.com,Student@2026
Student,APS-2026-1A-004,"Vihaan Rao",1 - A,student4@attendence.com,Student@2026
Student,APS-2026-1A-005,"Arjun Kumar",1 - A,student5@attendence.com,Student@2026
Student,APS-2026-1A-006,"Sai Pandey",1 - A,student6@attendence.com,Student@2026
Student,APS-2026-1A-007,"Reyansh Trivedi",1 - A,student7@attendence.com,Student@2026
Student,APS-2026-1A-008,"Krishna Nair",1 - A,student8@attendence.com,Student@2026
Student,APS-2026-1A-009,"Ishaan Sen",1 - A,student9@attendence.com,Student@2026
Student,APS-2026-1A-010,"Shaurya Das",1 - A,student10@attendence.com,Student@2026
Student,APS-2026-1A-011,"Atharva Malhotra",1 - A,student11@attendence.com,Student@2026
Student,APS-2026-1A-012,"Aaryan Khanna",1 - A,student12@attendence.com,Student@2026
Student,APS-2026-1A-013,"Dev Sharma",1 - A,student13@attendence.com,Student@2026
Student,APS-2026-1A-014,"Kabir Gupta",1 - A,student14@attendence.com,Student@2026
Student,APS-2026-1A-015,"Aryan Mehta",1 - A,student15@attendence.com,Student@2026
Student,APS-2026-1A-016,"Ananya Joshi",1 - A,student16@attendence.com,Student@2026
Student,APS-2026-1A-017,"Diya Reddy",1 - A,student17@attendence.com,Student@2026
Student,APS-2026-1A-018,"Saanvi Mishra",1 - A,student18@attendence.com,Student@2026
Student,APS-2026-1A-019,"Pari Choudhury",1 - A,student19@attendence.com,Student@2026
Student,APS-2026-1A-020,"Angel Desai",1 - A,student20@attendence.com,Student@2026
Student,APS-2026-1A-021,"Ishi Iyer",1 - A,student21@attendence.com,Student@2026
Student,APS-2026-1A-022,"Aanya Bose",1 - A,student22@attendence.com,Student@2026
Student,APS-2026-1A-023,"Pihu Roy",1 - A,student23@attendence.com,Student@2026
Student,APS-2026-1A-024,"Riya Kapoor",1 - A,student24@attendence.com,Student@2026
Student,APS-2026-1A-025,"Aadhya Yadav",1 - A,student25@attendence.com,Student@2026
Student,APS-2026-1A-026,"Anika Verma",1 - A,student26@attendence.com,Student@2026
Student,APS-2026-1A-027,"Kavya Patel",1 - A,student27@attendence.com,Student@2026
Student,APS-2026-1A-028,"Aditi Singh",1 - A,student28@attendence.com,Student@2026
Student,APS-2026-1A-029,"Avani Rao",1 - A,student29@attendence.com,Student@2026
Student,APS-2026-1A-030,"Prisha Kumar",1 - A,student30@attendence.com,Student@2026
Student,APS-2026-1B-001,"Rohan Joshi",1 - B,student31@attendence.com,Student@2026
Student,APS-2026-1B-002,"Siddharth Reddy",1 - B,student32@attendence.com,Student@2026
Student,APS-2026-1B-003,"Ishita Mishra",1 - B,student33@attendence.com,Student@2026
Student,APS-2026-1B-004,"Tanisha Choudhury",1 - B,student34@attendence.com,Student@2026
Student,APS-2026-1B-005,"Meera Desai",1 - B,student35@attendence.com,Student@2026
Student,APS-2026-1B-006,"Karan Iyer",1 - B,student36@attendence.com,Student@2026
Student,APS-2026-1B-007,"Rahul Bose",1 - B,student37@attendence.com,Student@2026
Student,APS-2026-1B-008,"Varun Roy",1 - B,student38@attendence.com,Student@2026
Student,APS-2026-1B-009,"Neha Kapoor",1 - B,student39@attendence.com,Student@2026
Student,APS-2026-1B-010,"Pooja Yadav",1 - B,student40@attendence.com,Student@2026
Student,APS-2026-1B-011,"Aarav Verma",1 - B,student41@attendence.com,Student@2026
Student,APS-2026-1B-012,"Vivaan Patel",1 - B,student42@attendence.com,Student@2026
Student,APS-2026-1B-013,"Aditya Singh",1 - B,student43@attendence.com,Student@2026
Student,APS-2026-1B-014,"Vihaan Rao",1 - B,student44@attendence.com,Student@2026
Student,APS-2026-1B-015,"Arjun Kumar",1 - B,student45@attendence.com,Student@2026
Student,APS-2026-1B-016,"Sai Pandey",1 - B,student46@attendence.com,Student@2026
Student,APS-2026-1B-017,"Reyansh Trivedi",1 - B,student47@attendence.com,Student@2026
Student,APS-2026-1B-018,"Krishna Nair",1 - B,student48@attendence.com,Student@2026
Student,APS-2026-1B-019,"Ishaan Sen",1 - B,student49@attendence.com,Student@2026
Student,APS-2026-1B-020,"Shaurya Das",1 - B,student50@attendence.com,Student@2026
Student,APS-2026-1B-021,"Atharva Malhotra",1 - B,student51@attendence.com,Student@2026
Student,APS-2026-1B-022,"Aaryan Khanna",1 - B,student52@attendence.com,Student@2026
Student,APS-2026-1B-023,"Dev Sharma",1 - B,student53@attendence.com,Student@2026
Student,APS-2026-1B-024,"Kabir Gupta",1 - B,student54@attendence.com,Student@2026
Student,APS-2026-1B-025,"Aryan Mehta",1 - B,student55@attendence.com,Student@2026
Student,APS-2026-1B-026,"Ananya Joshi",1 - B,student56@attendence.com,Student@2026
Student,APS-2026-1B-027,"Diya Reddy",1 - B,student57@attendence.com,Student@2026
Student,APS-2026-1B-028,"Saanvi Mishra",1 - B,student58@attendence.com,Student@2026
Student,APS-2026-1B-029,"Pari Choudhury",1 - B,student59@attendence.com,Student@2026
Student,APS-2026-1B-030,"Angel Desai",1 - B,student60@attendence.com,Student@2026
Student,APS-2026-2A-001,"Ishi Pandey",2 - A,student61@attendence.com,Student@2026
Student,APS-2026-2A-002,"Aanya Trivedi",2 - A,student62@attendence.com,Student@2026
Student,APS-2026-2A-003,"Pihu Nair",2 - A,student63@attendence.com,Student@2026
Student,APS-2026-2A-004,"Riya Sen",2 - A,student64@attendence.com,Student@2026
Student,APS-2026-2A-005,"Aadhya Das",2 - A,student65@attendence.com,Student@2026
Student,APS-2026-2A-006,"Anika Malhotra",2 - A,student66@attendence.com,Student@2026
Student,APS-2026-2A-007,"Kavya Khanna",2 - A,student67@attendence.com,Student@2026
Student,APS-2026-2A-008,"Aditi Sharma",2 - A,student68@attendence.com,Student@2026
Student,APS-2026-2A-009,"Avani Gupta",2 - A,student69@attendence.com,Student@2026
Student,APS-2026-2A-010,"Prisha Mehta",2 - A,student70@attendence.com,Student@2026
Student,APS-2026-2A-011,"Rohan Joshi",2 - A,student71@attendence.com,Student@2026
Student,APS-2026-2A-012,"Siddharth Reddy",2 - A,student72@attendence.com,Student@2026
Student,APS-2026-2A-013,"Ishita Mishra",2 - A,student73@attendence.com,Student@2026
Student,APS-2026-2A-014,"Tanisha Choudhury",2 - A,student74@attendence.com,Student@2026
Student,APS-2026-2A-015,"Meera Desai",2 - A,student75@attendence.com,Student@2026
Student,APS-2026-2A-016,"Karan Iyer",2 - A,student76@attendence.com,Student@2026
Student,APS-2026-2A-017,"Rahul Bose",2 - A,student77@attendence.com,Student@2026
Student,APS-2026-2A-018,"Varun Roy",2 - A,student78@attendence.com,Student@2026
Student,APS-2026-2A-019,"Neha Kapoor",2 - A,student79@attendence.com,Student@2026
Student,APS-2026-2A-020,"Pooja Yadav",2 - A,student80@attendence.com,Student@2026
Student,APS-2026-2A-021,"Aarav Verma",2 - A,student81@attendence.com,Student@2026
Student,APS-2026-2A-022,"Vivaan Patel",2 - A,student82@attendence.com,Student@2026
Student,APS-2026-2A-023,"Aditya Singh",2 - A,student83@attendence.com,Student@2026
Student,APS-2026-2A-024,"Vihaan Rao",2 - A,student84@attendence.com,Student@2026
Student,APS-2026-2A-025,"Arjun Kumar",2 - A,student85@attendence.com,Student@2026
Student,APS-2026-2A-026,"Sai Pandey",2 - A,student86@attendence.com,Student@2026
Student,APS-2026-2A-027,"Reyansh Trivedi",2 - A,student87@attendence.com,Student@2026
Student,APS-2026-2A-028,"Krishna Nair",2 - A,student88@attendence.com,Student@2026
Student,APS-2026-2A-029,"Ishaan Sen",2 - A,student89@attendence.com,Student@2026
Student,APS-2026-2A-030,"Shaurya Das",2 - A,student90@attendence.com,Student@2026
Student,APS-2026-2B-001,"Atharva Iyer",2 - B,student91@attendence.com,Student@2026
Student,APS-2026-2B-002,"Aaryan Bose",2 - B,student92@attendence.com,Student@2026
Student,APS-2026-2B-003,"Dev Roy",2 - B,student93@attendence.com,Student@2026
Student,APS-2026-2B-004,"Kabir Kapoor",2 - B,student94@attendence.com,Student@2026
Student,APS-2026-2B-005,"Aryan Yadav",2 - B,student95@attendence.com,Student@2026
Student,APS-2026-2B-006,"Ananya Verma",2 - B,student96@attendence.com,Student@2026
Student,APS-2026-2B-007,"Diya Patel",2 - B,student97@attendence.com,Student@2026
Student,APS-2026-2B-008,"Saanvi Singh",2 - B,student98@attendence.com,Student@2026
Student,APS-2026-2B-009,"Pari Rao",2 - B,student99@attendence.com,Student@2026
Student,APS-2026-2B-010,"Angel Kumar",2 - B,student100@attendence.com,Student@2026
Student,APS-2026-2B-011,"Ishi Pandey",2 - B,student101@attendence.com,Student@2026
Student,APS-2026-2B-012,"Aanya Trivedi",2 - B,student102@attendence.com,Student@2026
Student,APS-2026-2B-013,"Pihu Nair",2 - B,student103@attendence.com,Student@2026
Student,APS-2026-2B-014,"Riya Sen",2 - B,student104@attendence.com,Student@2026
Student,APS-2026-2B-015,"Aadhya Das",2 - B,student105@attendence.com,Student@2026
Student,APS-2026-2B-016,"Anika Malhotra",2 - B,student106@attendence.com,Student@2026
Student,APS-2026-2B-017,"Kavya Khanna",2 - B,student107@attendence.com,Student@2026
Student,APS-2026-2B-018,"Aditi Sharma",2 - B,student108@attendence.com,Student@2026
Student,APS-2026-2B-019,"Avani Gupta",2 - B,student109@attendence.com,Student@2026
Student,APS-2026-2B-020,"Prisha Mehta",2 - B,student110@attendence.com,Student@2026
Student,APS-2026-2B-021,"Rohan Joshi",2 - B,student111@attendence.com,Student@2026
Student,APS-2026-2B-022,"Siddharth Reddy",2 - B,student112@attendence.com,Student@2026
Student,APS-2026-2B-023,"Ishita Mishra",2 - B,student113@attendence.com,Student@2026
Student,APS-2026-2B-024,"Tanisha Choudhury",2 - B,student114@attendence.com,Student@2026
Student,APS-2026-2B-025,"Meera Desai",2 - B,student115@attendence.com,Student@2026
Student,APS-2026-2B-026,"Karan Iyer",2 - B,student116@attendence.com,Student@2026
Student,APS-2026-2B-027,"Rahul Bose",2 - B,student117@attendence.com,Student@2026
Student,APS-2026-2B-028,"Varun Roy",2 - B,student118@attendence.com,Student@2026
Student,APS-2026-2B-029,"Neha Kapoor",2 - B,student119@attendence.com,Student@2026
Student,APS-2026-2B-030,"Pooja Yadav",2 - B,student120@attendence.com,Student@2026
Student,APS-2026-3A-001,"Aarav Malhotra",3 - A,student121@attendence.com,Student@2026
Student,APS-2026-3A-002,"Vivaan Khanna",3 - A,student122@attendence.com,Student@2026
Student,APS-2026-3A-003,"Aditya Sharma",3 - A,student123@attendence.com,Student@2026
Student,APS-2026-3A-004,"Vihaan Gupta",3 - A,student124@attendence.com,Student@2026
Student,APS-2026-3A-005,"Arjun Mehta",3 - A,student125@attendence.com,Student@2026
Student,APS-2026-3A-006,"Sai Joshi",3 - A,student126@attendence.com,Student@2026
Student,APS-2026-3A-007,"Reyansh Reddy",3 - A,student127@attendence.com,Student@2026
Student,APS-2026-3A-008,"Krishna Mishra",3 - A,student128@attendence.com,Student@2026
Student,APS-2026-3A-009,"Ishaan Choudhury",3 - A,student129@attendence.com,Student@2026
Student,APS-2026-3A-010,"Shaurya Desai",3 - A,student130@attendence.com,Student@2026
Student,APS-2026-3A-011,"Atharva Iyer",3 - A,student131@attendence.com,Student@2026
Student,APS-2026-3A-012,"Aaryan Bose",3 - A,student132@attendence.com,Student@2026
Student,APS-2026-3A-013,"Dev Roy",3 - A,student133@attendence.com,Student@2026
Student,APS-2026-3A-014,"Kabir Kapoor",3 - A,student134@attendence.com,Student@2026
Student,APS-2026-3A-015,"Aryan Yadav",3 - A,student135@attendence.com,Student@2026
Student,APS-2026-3A-016,"Ananya Verma",3 - A,student136@attendence.com,Student@2026
Student,APS-2026-3A-017,"Diya Patel",3 - A,student137@attendence.com,Student@2026
Student,APS-2026-3A-018,"Saanvi Singh",3 - A,student138@attendence.com,Student@2026
Student,APS-2026-3A-019,"Pari Rao",3 - A,student139@attendence.com,Student@2026
Student,APS-2026-3A-020,"Angel Kumar",3 - A,student140@attendence.com,Student@2026
Student,APS-2026-3A-021,"Ishi Pandey",3 - A,student141@attendence.com,Student@2026
Student,APS-2026-3A-022,"Aanya Trivedi",3 - A,student142@attendence.com,Student@2026
Student,APS-2026-3A-023,"Pihu Nair",3 - A,student143@attendence.com,Student@2026
Student,APS-2026-3A-024,"Riya Sen",3 - A,student144@attendence.com,Student@2026
Student,APS-2026-3A-025,"Aadhya Das",3 - A,student145@attendence.com,Student@2026
Student,APS-2026-3A-026,"Anika Malhotra",3 - A,student146@attendence.com,Student@2026
Student,APS-2026-3A-027,"Kavya Khanna",3 - A,student147@attendence.com,Student@2026
Student,APS-2026-3A-028,"Aditi Sharma",3 - A,student148@attendence.com,Student@2026
Student,APS-2026-3A-029,"Avani Gupta",3 - A,student149@attendence.com,Student@2026
Student,APS-2026-3A-030,"Prisha Mehta",3 - A,student150@attendence.com,Student@2026
Student,APS-2026-3B-001,"Rohan Verma",3 - B,student151@attendence.com,Student@2026
Student,APS-2026-3B-002,"Siddharth Patel",3 - B,student152@attendence.com,Student@2026
Student,APS-2026-3B-003,"Ishita Singh",3 - B,student153@attendence.com,Student@2026
Student,APS-2026-3B-004,"Tanisha Rao",3 - B,student154@attendence.com,Student@2026
Student,APS-2026-3B-005,"Meera Kumar",3 - B,student155@attendence.com,Student@2026
Student,APS-2026-3B-006,"Karan Pandey",3 - B,student156@attendence.com,Student@2026
Student,APS-2026-3B-007,"Rahul Trivedi",3 - B,student157@attendence.com,Student@2026
Student,APS-2026-3B-008,"Varun Nair",3 - B,student158@attendence.com,Student@2026
Student,APS-2026-3B-009,"Neha Sen",3 - B,student159@attendence.com,Student@2026
Student,APS-2026-3B-010,"Pooja Das",3 - B,student160@attendence.com,Student@2026
Student,APS-2026-3B-011,"Aarav Malhotra",3 - B,student161@attendence.com,Student@2026
Student,APS-2026-3B-012,"Vivaan Khanna",3 - B,student162@attendence.com,Student@2026
Student,APS-2026-3B-013,"Aditya Sharma",3 - B,student163@attendence.com,Student@2026
Student,APS-2026-3B-014,"Vihaan Gupta",3 - B,student164@attendence.com,Student@2026
Student,APS-2026-3B-015,"Arjun Mehta",3 - B,student165@attendence.com,Student@2026
Student,APS-2026-3B-016,"Sai Joshi",3 - B,student166@attendence.com,Student@2026
Student,APS-2026-3B-017,"Reyansh Reddy",3 - B,student167@attendence.com,Student@2026
Student,APS-2026-3B-018,"Krishna Mishra",3 - B,student168@attendence.com,Student@2026
Student,APS-2026-3B-019,"Ishaan Choudhury",3 - B,student169@attendence.com,Student@2026
Student,APS-2026-3B-020,"Shaurya Desai",3 - B,student170@attendence.com,Student@2026
Student,APS-2026-3B-021,"Atharva Iyer",3 - B,student171@attendence.com,Student@2026
Student,APS-2026-3B-022,"Aaryan Bose",3 - B,student172@attendence.com,Student@2026
Student,APS-2026-3B-023,"Dev Roy",3 - B,student173@attendence.com,Student@2026
Student,APS-2026-3B-024,"Kabir Kapoor",3 - B,student174@attendence.com,Student@2026
Student,APS-2026-3B-025,"Aryan Yadav",3 - B,student175@attendence.com,Student@2026
Student,APS-2026-3B-026,"Ananya Verma",3 - B,student176@attendence.com,Student@2026
Student,APS-2026-3B-027,"Diya Patel",3 - B,student177@attendence.com,Student@2026
Student,APS-2026-3B-028,"Saanvi Singh",3 - B,student178@attendence.com,Student@2026
Student,APS-2026-3B-029,"Pari Rao",3 - B,student179@attendence.com,Student@2026
Student,APS-2026-3B-030,"Angel Kumar",3 - B,student180@attendence.com,Student@2026
Student,APS-2026-4A-001,"Ishi Joshi",4 - A,student181@attendence.com,Student@2026
Student,APS-2026-4A-002,"Aanya Reddy",4 - A,student182@attendence.com,Student@2026
Student,APS-2026-4A-003,"Pihu Mishra",4 - A,student183@attendence.com,Student@2026
Student,APS-2026-4A-004,"Riya Choudhury",4 - A,student184@attendence.com,Student@2026
Student,APS-2026-4A-005,"Aadhya Desai",4 - A,student185@attendence.com,Student@2026
Student,APS-2026-4A-006,"Anika Iyer",4 - A,student186@attendence.com,Student@2026
Student,APS-2026-4A-007,"Kavya Bose",4 - A,student187@attendence.com,Student@2026
Student,APS-2026-4A-008,"Aditi Roy",4 - A,student188@attendence.com,Student@2026
Student,APS-2026-4A-009,"Avani Kapoor",4 - A,student189@attendence.com,Student@2026
Student,APS-2026-4A-010,"Prisha Yadav",4 - A,student190@attendence.com,Student@2026
Student,APS-2026-4A-011,"Rohan Verma",4 - A,student191@attendence.com,Student@2026
Student,APS-2026-4A-012,"Siddharth Patel",4 - A,student192@attendence.com,Student@2026
Student,APS-2026-4A-013,"Ishita Singh",4 - A,student193@attendence.com,Student@2026
Student,APS-2026-4A-014,"Tanisha Rao",4 - A,student194@attendence.com,Student@2026
Student,APS-2026-4A-015,"Meera Kumar",4 - A,student195@attendence.com,Student@2026
Student,APS-2026-4A-016,"Karan Pandey",4 - A,student196@attendence.com,Student@2026
Student,APS-2026-4A-017,"Rahul Trivedi",4 - A,student197@attendence.com,Student@2026
Student,APS-2026-4A-018,"Varun Nair",4 - A,student198@attendence.com,Student@2026
Student,APS-2026-4A-019,"Neha Sen",4 - A,student199@attendence.com,Student@2026
Student,APS-2026-4A-020,"Pooja Das",4 - A,student200@attendence.com,Student@2026
Student,APS-2026-4A-021,"Aarav Malhotra",4 - A,student201@attendence.com,Student@2026
Student,APS-2026-4A-022,"Vivaan Khanna",4 - A,student202@attendence.com,Student@2026
Student,APS-2026-4A-023,"Aditya Sharma",4 - A,student203@attendence.com,Student@2026
Student,APS-2026-4A-024,"Vihaan Gupta",4 - A,student204@attendence.com,Student@2026
Student,APS-2026-4A-025,"Arjun Mehta",4 - A,student205@attendence.com,Student@2026
Student,APS-2026-4A-026,"Sai Joshi",4 - A,student206@attendence.com,Student@2026
Student,APS-2026-4A-027,"Reyansh Reddy",4 - A,student207@attendence.com,Student@2026
Student,APS-2026-4A-028,"Krishna Mishra",4 - A,student208@attendence.com,Student@2026
Student,APS-2026-4A-029,"Ishaan Choudhury",4 - A,student209@attendence.com,Student@2026
Student,APS-2026-4A-030,"Shaurya Desai",4 - A,student210@attendence.com,Student@2026
Student,APS-2026-4B-001,"Atharva Pandey",4 - B,student211@attendence.com,Student@2026
Student,APS-2026-4B-002,"Aaryan Trivedi",4 - B,student212@attendence.com,Student@2026
Student,APS-2026-4B-003,"Dev Nair",4 - B,student213@attendence.com,Student@2026
Student,APS-2026-4B-004,"Kabir Sen",4 - B,student214@attendence.com,Student@2026
Student,APS-2026-4B-005,"Aryan Das",4 - B,student215@attendence.com,Student@2026
Student,APS-2026-4B-006,"Ananya Malhotra",4 - B,student216@attendence.com,Student@2026
Student,APS-2026-4B-007,"Diya Khanna",4 - B,student217@attendence.com,Student@2026
Student,APS-2026-4B-008,"Saanvi Sharma",4 - B,student218@attendence.com,Student@2026
Student,APS-2026-4B-009,"Pari Gupta",4 - B,student219@attendence.com,Student@2026
Student,APS-2026-4B-010,"Angel Mehta",4 - B,student220@attendence.com,Student@2026
Student,APS-2026-4B-011,"Ishi Joshi",4 - B,student221@attendence.com,Student@2026
Student,APS-2026-4B-012,"Aanya Reddy",4 - B,student222@attendence.com,Student@2026
Student,APS-2026-4B-013,"Pihu Mishra",4 - B,student223@attendence.com,Student@2026
Student,APS-2026-4B-014,"Riya Choudhury",4 - B,student224@attendence.com,Student@2026
Student,APS-2026-4B-015,"Aadhya Desai",4 - B,student225@attendence.com,Student@2026
Student,APS-2026-4B-016,"Anika Iyer",4 - B,student226@attendence.com,Student@2026
Student,APS-2026-4B-017,"Kavya Bose",4 - B,student227@attendence.com,Student@2026
Student,APS-2026-4B-018,"Aditi Roy",4 - B,student228@attendence.com,Student@2026
Student,APS-2026-4B-019,"Avani Kapoor",4 - B,student229@attendence.com,Student@2026
Student,APS-2026-4B-020,"Prisha Yadav",4 - B,student230@attendence.com,Student@2026
Student,APS-2026-4B-021,"Rohan Verma",4 - B,student231@attendence.com,Student@2026
Student,APS-2026-4B-022,"Siddharth Patel",4 - B,student232@attendence.com,Student@2026
Student,APS-2026-4B-023,"Ishita Singh",4 - B,student233@attendence.com,Student@2026
Student,APS-2026-4B-024,"Tanisha Rao",4 - B,student234@attendence.com,Student@2026
Student,APS-2026-4B-025,"Meera Kumar",4 - B,student235@attendence.com,Student@2026
Student,APS-2026-4B-026,"Karan Pandey",4 - B,student236@attendence.com,Student@2026
Student,APS-2026-4B-027,"Rahul Trivedi",4 - B,student237@attendence.com,Student@2026
Student,APS-2026-4B-028,"Varun Nair",4 - B,student238@attendence.com,Student@2026
Student,APS-2026-4B-029,"Neha Sen",4 - B,student239@attendence.com,Student@2026
Student,APS-2026-4B-030,"Pooja Das",4 - B,student240@attendence.com,Student@2026
Student,APS-2026-5A-001,"Aarav Iyer",5 - A,student241@attendence.com,Student@2026
Student,APS-2026-5A-002,"Vivaan Bose",5 - A,student242@attendence.com,Student@2026
Student,APS-2026-5A-003,"Aditya Roy",5 - A,student243@attendence.com,Student@2026
Student,APS-2026-5A-004,"Vihaan Kapoor",5 - A,student244@attendence.com,Student@2026
Student,APS-2026-5A-005,"Arjun Yadav",5 - A,student245@attendence.com,Student@2026
Student,APS-2026-5A-006,"Sai Verma",5 - A,student246@attendence.com,Student@2026
Student,APS-2026-5A-007,"Reyansh Patel",5 - A,student247@attendence.com,Student@2026
Student,APS-2026-5A-008,"Krishna Singh",5 - A,student248@attendence.com,Student@2026
Student,APS-2026-5A-009,"Ishaan Rao",5 - A,student249@attendence.com,Student@2026
Student,APS-2026-5A-010,"Shaurya Kumar",5 - A,student250@attendence.com,Student@2026
Student,APS-2026-5A-011,"Atharva Pandey",5 - A,student251@attendence.com,Student@2026
Student,APS-2026-5A-012,"Aaryan Trivedi",5 - A,student252@attendence.com,Student@2026
Student,APS-2026-5A-013,"Dev Nair",5 - A,student253@attendence.com,Student@2026
Student,APS-2026-5A-014,"Kabir Sen",5 - A,student254@attendence.com,Student@2026
Student,APS-2026-5A-015,"Aryan Das",5 - A,student255@attendence.com,Student@2026
Student,APS-2026-5A-016,"Ananya Malhotra",5 - A,student256@attendence.com,Student@2026
Student,APS-2026-5A-017,"Diya Khanna",5 - A,student257@attendence.com,Student@2026
Student,APS-2026-5A-018,"Saanvi Sharma",5 - A,student258@attendence.com,Student@2026
Student,APS-2026-5A-019,"Pari Gupta",5 - A,student259@attendence.com,Student@2026
Student,APS-2026-5A-020,"Angel Mehta",5 - A,student260@attendence.com,Student@2026
Student,APS-2026-5A-021,"Ishi Joshi",5 - A,student261@attendence.com,Student@2026
Student,APS-2026-5A-022,"Aanya Reddy",5 - A,student262@attendence.com,Student@2026
Student,APS-2026-5A-023,"Pihu Mishra",5 - A,student263@attendence.com,Student@2026
Student,APS-2026-5A-024,"Riya Choudhury",5 - A,student264@attendence.com,Student@2026
Student,APS-2026-5A-025,"Aadhya Desai",5 - A,student265@attendence.com,Student@2026
Student,APS-2026-5A-026,"Anika Iyer",5 - A,student266@attendence.com,Student@2026
Student,APS-2026-5A-027,"Kavya Bose",5 - A,student267@attendence.com,Student@2026
Student,APS-2026-5A-028,"Aditi Roy",5 - A,student268@attendence.com,Student@2026
Student,APS-2026-5A-029,"Avani Kapoor",5 - A,student269@attendence.com,Student@2026
Student,APS-2026-5A-030,"Prisha Yadav",5 - A,student270@attendence.com,Student@2026
Student,APS-2026-5B-001,"Rohan Malhotra",5 - B,student271@attendence.com,Student@2026
Student,APS-2026-5B-002,"Siddharth Khanna",5 - B,student272@attendence.com,Student@2026
Student,APS-2026-5B-003,"Ishita Sharma",5 - B,student273@attendence.com,Student@2026
Student,APS-2026-5B-004,"Tanisha Gupta",5 - B,student274@attendence.com,Student@2026
Student,APS-2026-5B-005,"Meera Mehta",5 - B,student275@attendence.com,Student@2026
Student,APS-2026-5B-006,"Karan Joshi",5 - B,student276@attendence.com,Student@2026
Student,APS-2026-5B-007,"Rahul Reddy",5 - B,student277@attendence.com,Student@2026
Student,APS-2026-5B-008,"Varun Mishra",5 - B,student278@attendence.com,Student@2026
Student,APS-2026-5B-009,"Neha Choudhury",5 - B,student279@attendence.com,Student@2026
Student,APS-2026-5B-010,"Pooja Desai",5 - B,student280@attendence.com,Student@2026
Student,APS-2026-5B-011,"Aarav Iyer",5 - B,student281@attendence.com,Student@2026
Student,APS-2026-5B-012,"Vivaan Bose",5 - B,student282@attendence.com,Student@2026
Student,APS-2026-5B-013,"Aditya Roy",5 - B,student283@attendence.com,Student@2026
Student,APS-2026-5B-014,"Vihaan Kapoor",5 - B,student284@attendence.com,Student@2026
Student,APS-2026-5B-015,"Arjun Yadav",5 - B,student285@attendence.com,Student@2026
Student,APS-2026-5B-016,"Sai Verma",5 - B,student286@attendence.com,Student@2026
Student,APS-2026-5B-017,"Reyansh Patel",5 - B,student287@attendence.com,Student@2026
Student,APS-2026-5B-018,"Krishna Singh",5 - B,student288@attendence.com,Student@2026
Student,APS-2026-5B-019,"Ishaan Rao",5 - B,student289@attendence.com,Student@2026
Student,APS-2026-5B-020,"Shaurya Kumar",5 - B,student290@attendence.com,Student@2026
Student,APS-2026-5B-021,"Atharva Pandey",5 - B,student291@attendence.com,Student@2026
Student,APS-2026-5B-022,"Aaryan Trivedi",5 - B,student292@attendence.com,Student@2026
Student,APS-2026-5B-023,"Dev Nair",5 - B,student293@attendence.com,Student@2026
Student,APS-2026-5B-024,"Kabir Sen",5 - B,student294@attendence.com,Student@2026
Student,APS-2026-5B-025,"Aryan Das",5 - B,student295@attendence.com,Student@2026
Student,APS-2026-5B-026,"Ananya Malhotra",5 - B,student296@attendence.com,Student@2026
Student,APS-2026-5B-027,"Diya Khanna",5 - B,student297@attendence.com,Student@2026
Student,APS-2026-5B-028,"Saanvi Sharma",5 - B,student298@attendence.com,Student@2026
Student,APS-2026-5B-029,"Pari Gupta",5 - B,student299@attendence.com,Student@2026
Student,APS-2026-5B-030,"Angel Mehta",5 - B,student300@attendence.com,Student@2026
Student,APS-2026-6A-001,"Ishi Verma",6 - A,student301@attendence.com,Student@2026
Student,APS-2026-6A-002,"Aanya Patel",6 - A,student302@attendence.com,Student@2026
Student,APS-2026-6A-003,"Pihu Singh",6 - A,student303@attendence.com,Student@2026
Student,APS-2026-6A-004,"Riya Rao",6 - A,student304@attendence.com,Student@2026
Student,APS-2026-6A-005,"Aadhya Kumar",6 - A,student305@attendence.com,Student@2026
Student,APS-2026-6A-006,"Anika Pandey",6 - A,student306@attendence.com,Student@2026
Student,APS-2026-6A-007,"Kavya Trivedi",6 - A,student307@attendence.com,Student@2026
Student,APS-2026-6A-008,"Aditi Nair",6 - A,student308@attendence.com,Student@2026
Student,APS-2026-6A-009,"Avani Sen",6 - A,student309@attendence.com,Student@2026
Student,APS-2026-6A-010,"Prisha Das",6 - A,student310@attendence.com,Student@2026
Student,APS-2026-6A-011,"Rohan Malhotra",6 - A,student311@attendence.com,Student@2026
Student,APS-2026-6A-012,"Siddharth Khanna",6 - A,student312@attendence.com,Student@2026
Student,APS-2026-6A-013,"Ishita Sharma",6 - A,student313@attendence.com,Student@2026
Student,APS-2026-6A-014,"Tanisha Gupta",6 - A,student314@attendence.com,Student@2026
Student,APS-2026-6A-015,"Meera Mehta",6 - A,student315@attendence.com,Student@2026
Student,APS-2026-6A-016,"Karan Joshi",6 - A,student316@attendence.com,Student@2026
Student,APS-2026-6A-017,"Rahul Reddy",6 - A,student317@attendence.com,Student@2026
Student,APS-2026-6A-018,"Varun Mishra",6 - A,student318@attendence.com,Student@2026
Student,APS-2026-6A-019,"Neha Choudhury",6 - A,student319@attendence.com,Student@2026
Student,APS-2026-6A-020,"Pooja Desai",6 - A,student320@attendence.com,Student@2026
Student,APS-2026-6A-021,"Aarav Iyer",6 - A,student321@attendence.com,Student@2026
Student,APS-2026-6A-022,"Vivaan Bose",6 - A,student322@attendence.com,Student@2026
Student,APS-2026-6A-023,"Aditya Roy",6 - A,student323@attendence.com,Student@2026
Student,APS-2026-6A-024,"Vihaan Kapoor",6 - A,student324@attendence.com,Student@2026
Student,APS-2026-6A-025,"Arjun Yadav",6 - A,student325@attendence.com,Student@2026
Student,APS-2026-6A-026,"Sai Verma",6 - A,student326@attendence.com,Student@2026
Student,APS-2026-6A-027,"Reyansh Patel",6 - A,student327@attendence.com,Student@2026
Student,APS-2026-6A-028,"Krishna Singh",6 - A,student328@attendence.com,Student@2026
Student,APS-2026-6A-029,"Ishaan Rao",6 - A,student329@attendence.com,Student@2026
Student,APS-2026-6A-030,"Shaurya Kumar",6 - A,student330@attendence.com,Student@2026
Student,APS-2026-6B-001,"Atharva Joshi",6 - B,student331@attendence.com,Student@2026
Student,APS-2026-6B-002,"Aaryan Reddy",6 - B,student332@attendence.com,Student@2026
Student,APS-2026-6B-003,"Dev Mishra",6 - B,student333@attendence.com,Student@2026
Student,APS-2026-6B-004,"Kabir Choudhury",6 - B,student334@attendence.com,Student@2026
Student,APS-2026-6B-005,"Aryan Desai",6 - B,student335@attendence.com,Student@2026
Student,APS-2026-6B-006,"Ananya Iyer",6 - B,student336@attendence.com,Student@2026
Student,APS-2026-6B-007,"Diya Bose",6 - B,student337@attendence.com,Student@2026
Student,APS-2026-6B-008,"Saanvi Roy",6 - B,student338@attendence.com,Student@2026
Student,APS-2026-6B-009,"Pari Kapoor",6 - B,student339@attendence.com,Student@2026
Student,APS-2026-6B-010,"Angel Yadav",6 - B,student340@attendence.com,Student@2026
Student,APS-2026-6B-011,"Ishi Verma",6 - B,student341@attendence.com,Student@2026
Student,APS-2026-6B-012,"Aanya Patel",6 - B,student342@attendence.com,Student@2026
Student,APS-2026-6B-013,"Pihu Singh",6 - B,student343@attendence.com,Student@2026
Student,APS-2026-6B-014,"Riya Rao",6 - B,student344@attendence.com,Student@2026
Student,APS-2026-6B-015,"Aadhya Kumar",6 - B,student345@attendence.com,Student@2026
Student,APS-2026-6B-016,"Anika Pandey",6 - B,student346@attendence.com,Student@2026
Student,APS-2026-6B-017,"Kavya Trivedi",6 - B,student347@attendence.com,Student@2026
Student,APS-2026-6B-018,"Aditi Nair",6 - B,student348@attendence.com,Student@2026
Student,APS-2026-6B-019,"Avani Sen",6 - B,student349@attendence.com,Student@2026
Student,APS-2026-6B-020,"Prisha Das",6 - B,student350@attendence.com,Student@2026
Student,APS-2026-6B-021,"Rohan Malhotra",6 - B,student351@attendence.com,Student@2026
Student,APS-2026-6B-022,"Siddharth Khanna",6 - B,student352@attendence.com,Student@2026
Student,APS-2026-6B-023,"Ishita Sharma",6 - B,student353@attendence.com,Student@2026
Student,APS-2026-6B-024,"Tanisha Gupta",6 - B,student354@attendence.com,Student@2026
Student,APS-2026-6B-025,"Meera Mehta",6 - B,student355@attendence.com,Student@2026
Student,APS-2026-6B-026,"Karan Joshi",6 - B,student356@attendence.com,Student@2026
Student,APS-2026-6B-027,"Rahul Reddy",6 - B,student357@attendence.com,Student@2026
Student,APS-2026-6B-028,"Varun Mishra",6 - B,student358@attendence.com,Student@2026
Student,APS-2026-6B-029,"Neha Choudhury",6 - B,student359@attendence.com,Student@2026
Student,APS-2026-6B-030,"Pooja Desai",6 - B,student360@attendence.com,Student@2026
Student,APS-2026-7A-001,"Aarav Pandey",7 - A,student361@attendence.com,Student@2026
Student,APS-2026-7A-002,"Vivaan Trivedi",7 - A,student362@attendence.com,Student@2026
Student,APS-2026-7A-003,"Aditya Nair",7 - A,student363@attendence.com,Student@2026
Student,APS-2026-7A-004,"Vihaan Sen",7 - A,student364@attendence.com,Student@2026
Student,APS-2026-7A-005,"Arjun Das",7 - A,student365@attendence.com,Student@2026
Student,APS-2026-7A-006,"Sai Malhotra",7 - A,student366@attendence.com,Student@2026
Student,APS-2026-7A-007,"Reyansh Khanna",7 - A,student367@attendence.com,Student@2026
Student,APS-2026-7A-008,"Krishna Sharma",7 - A,student368@attendence.com,Student@2026
Student,APS-2026-7A-009,"Ishaan Gupta",7 - A,student369@attendence.com,Student@2026
Student,APS-2026-7A-010,"Shaurya Mehta",7 - A,student370@attendence.com,Student@2026
Student,APS-2026-7A-011,"Atharva Joshi",7 - A,student371@attendence.com,Student@2026
Student,APS-2026-7A-012,"Aaryan Reddy",7 - A,student372@attendence.com,Student@2026
Student,APS-2026-7A-013,"Dev Mishra",7 - A,student373@attendence.com,Student@2026
Student,APS-2026-7A-014,"Kabir Choudhury",7 - A,student374@attendence.com,Student@2026
Student,APS-2026-7A-015,"Aryan Desai",7 - A,student375@attendence.com,Student@2026
Student,APS-2026-7A-016,"Ananya Iyer",7 - A,student376@attendence.com,Student@2026
Student,APS-2026-7A-017,"Diya Bose",7 - A,student377@attendence.com,Student@2026
Student,APS-2026-7A-018,"Saanvi Roy",7 - A,student378@attendence.com,Student@2026
Student,APS-2026-7A-019,"Pari Kapoor",7 - A,student379@attendence.com,Student@2026
Student,APS-2026-7A-020,"Angel Yadav",7 - A,student380@attendence.com,Student@2026
Student,APS-2026-7A-021,"Ishi Verma",7 - A,student381@attendence.com,Student@2026
Student,APS-2026-7A-022,"Aanya Patel",7 - A,student382@attendence.com,Student@2026
Student,APS-2026-7A-023,"Pihu Singh",7 - A,student383@attendence.com,Student@2026
Student,APS-2026-7A-024,"Riya Rao",7 - A,student384@attendence.com,Student@2026
Student,APS-2026-7A-025,"Aadhya Kumar",7 - A,student385@attendence.com,Student@2026
Student,APS-2026-7A-026,"Anika Pandey",7 - A,student386@attendence.com,Student@2026
Student,APS-2026-7A-027,"Kavya Trivedi",7 - A,student387@attendence.com,Student@2026
Student,APS-2026-7A-028,"Aditi Nair",7 - A,student388@attendence.com,Student@2026
Student,APS-2026-7A-029,"Avani Sen",7 - A,student389@attendence.com,Student@2026
Student,APS-2026-7A-030,"Prisha Das",7 - A,student390@attendence.com,Student@2026
Student,APS-2026-7B-001,"Rohan Iyer",7 - B,student391@attendence.com,Student@2026
Student,APS-2026-7B-002,"Siddharth Bose",7 - B,student392@attendence.com,Student@2026
Student,APS-2026-7B-003,"Ishita Roy",7 - B,student393@attendence.com,Student@2026
Student,APS-2026-7B-004,"Tanisha Kapoor",7 - B,student394@attendence.com,Student@2026
Student,APS-2026-7B-005,"Meera Yadav",7 - B,student395@attendence.com,Student@2026
Student,APS-2026-7B-006,"Karan Verma",7 - B,student396@attendence.com,Student@2026
Student,APS-2026-7B-007,"Rahul Patel",7 - B,student397@attendence.com,Student@2026
Student,APS-2026-7B-008,"Varun Singh",7 - B,student398@attendence.com,Student@2026
Student,APS-2026-7B-009,"Neha Rao",7 - B,student399@attendence.com,Student@2026
Student,APS-2026-7B-010,"Pooja Kumar",7 - B,student400@attendence.com,Student@2026
Student,APS-2026-7B-011,"Aarav Pandey",7 - B,student401@attendence.com,Student@2026
Student,APS-2026-7B-012,"Vivaan Trivedi",7 - B,student402@attendence.com,Student@2026
Student,APS-2026-7B-013,"Aditya Nair",7 - B,student403@attendence.com,Student@2026
Student,APS-2026-7B-014,"Vihaan Sen",7 - B,student404@attendence.com,Student@2026
Student,APS-2026-7B-015,"Arjun Das",7 - B,student405@attendence.com,Student@2026
Student,APS-2026-7B-016,"Sai Malhotra",7 - B,student406@attendence.com,Student@2026
Student,APS-2026-7B-017,"Reyansh Khanna",7 - B,student407@attendence.com,Student@2026
Student,APS-2026-7B-018,"Krishna Sharma",7 - B,student408@attendence.com,Student@2026
Student,APS-2026-7B-019,"Ishaan Gupta",7 - B,student409@attendence.com,Student@2026
Student,APS-2026-7B-020,"Shaurya Mehta",7 - B,student410@attendence.com,Student@2026
Student,APS-2026-7B-021,"Atharva Joshi",7 - B,student411@attendence.com,Student@2026
Student,APS-2026-7B-022,"Aaryan Reddy",7 - B,student412@attendence.com,Student@2026
Student,APS-2026-7B-023,"Dev Mishra",7 - B,student413@attendence.com,Student@2026
Student,APS-2026-7B-024,"Kabir Choudhury",7 - B,student414@attendence.com,Student@2026
Student,APS-2026-7B-025,"Aryan Desai",7 - B,student415@attendence.com,Student@2026
Student,APS-2026-7B-026,"Ananya Iyer",7 - B,student416@attendence.com,Student@2026
Student,APS-2026-7B-027,"Diya Bose",7 - B,student417@attendence.com,Student@2026
Student,APS-2026-7B-028,"Saanvi Roy",7 - B,student418@attendence.com,Student@2026
Student,APS-2026-7B-029,"Pari Kapoor",7 - B,student419@attendence.com,Student@2026
Student,APS-2026-7B-030,"Angel Yadav",7 - B,student420@attendence.com,Student@2026
Student,APS-2026-8A-001,"Ishi Malhotra",8 - A,student421@attendence.com,Student@2026
Student,APS-2026-8A-002,"Aanya Khanna",8 - A,student422@attendence.com,Student@2026
Student,APS-2026-8A-003,"Pihu Sharma",8 - A,student423@attendence.com,Student@2026
Student,APS-2026-8A-004,"Riya Gupta",8 - A,student424@attendence.com,Student@2026
Student,APS-2026-8A-005,"Aadhya Mehta",8 - A,student425@attendence.com,Student@2026
Student,APS-2026-8A-006,"Anika Joshi",8 - A,student426@attendence.com,Student@2026
Student,APS-2026-8A-007,"Kavya Reddy",8 - A,student427@attendence.com,Student@2026
Student,APS-2026-8A-008,"Aditi Mishra",8 - A,student428@attendence.com,Student@2026
Student,APS-2026-8A-009,"Avani Choudhury",8 - A,student429@attendence.com,Student@2026
Student,APS-2026-8A-010,"Prisha Desai",8 - A,student430@attendence.com,Student@2026
Student,APS-2026-8A-011,"Rohan Iyer",8 - A,student431@attendence.com,Student@2026
Student,APS-2026-8A-012,"Siddharth Bose",8 - A,student432@attendence.com,Student@2026
Student,APS-2026-8A-013,"Ishita Roy",8 - A,student433@attendence.com,Student@2026
Student,APS-2026-8A-014,"Tanisha Kapoor",8 - A,student434@attendence.com,Student@2026
Student,APS-2026-8A-015,"Meera Yadav",8 - A,student435@attendence.com,Student@2026
Student,APS-2026-8A-016,"Karan Verma",8 - A,student436@attendence.com,Student@2026
Student,APS-2026-8A-017,"Rahul Patel",8 - A,student437@attendence.com,Student@2026
Student,APS-2026-8A-018,"Varun Singh",8 - A,student438@attendence.com,Student@2026
Student,APS-2026-8A-019,"Neha Rao",8 - A,student439@attendence.com,Student@2026
Student,APS-2026-8A-020,"Pooja Kumar",8 - A,student440@attendence.com,Student@2026
Student,APS-2026-8A-021,"Aarav Pandey",8 - A,student441@attendence.com,Student@2026
Student,APS-2026-8A-022,"Vivaan Trivedi",8 - A,student442@attendence.com,Student@2026
Student,APS-2026-8A-023,"Aditya Nair",8 - A,student443@attendence.com,Student@2026
Student,APS-2026-8A-024,"Vihaan Sen",8 - A,student444@attendence.com,Student@2026
Student,APS-2026-8A-025,"Arjun Das",8 - A,student445@attendence.com,Student@2026
Student,APS-2026-8A-026,"Sai Malhotra",8 - A,student446@attendence.com,Student@2026
Student,APS-2026-8A-027,"Reyansh Khanna",8 - A,student447@attendence.com,Student@2026
Student,APS-2026-8A-028,"Krishna Sharma",8 - A,student448@attendence.com,Student@2026
Student,APS-2026-8A-029,"Ishaan Gupta",8 - A,student449@attendence.com,Student@2026
Student,APS-2026-8A-030,"Shaurya Mehta",8 - A,student450@attendence.com,Student@2026
Student,APS-2026-8B-001,"Atharva Verma",8 - B,student451@attendence.com,Student@2026
Student,APS-2026-8B-002,"Aaryan Patel",8 - B,student452@attendence.com,Student@2026
Student,APS-2026-8B-003,"Dev Singh",8 - B,student453@attendence.com,Student@2026
Student,APS-2026-8B-004,"Kabir Rao",8 - B,student454@attendence.com,Student@2026
Student,APS-2026-8B-005,"Aryan Kumar",8 - B,student455@attendence.com,Student@2026
Student,APS-2026-8B-006,"Ananya Pandey",8 - B,student456@attendence.com,Student@2026
Student,APS-2026-8B-007,"Diya Trivedi",8 - B,student457@attendence.com,Student@2026
Student,APS-2026-8B-008,"Saanvi Nair",8 - B,student458@attendence.com,Student@2026
Student,APS-2026-8B-009,"Pari Sen",8 - B,student459@attendence.com,Student@2026
Student,APS-2026-8B-010,"Angel Das",8 - B,student460@attendence.com,Student@2026
Student,APS-2026-8B-011,"Ishi Malhotra",8 - B,student461@attendence.com,Student@2026
Student,APS-2026-8B-012,"Aanya Khanna",8 - B,student462@attendence.com,Student@2026
Student,APS-2026-8B-013,"Pihu Sharma",8 - B,student463@attendence.com,Student@2026
Student,APS-2026-8B-014,"Riya Gupta",8 - B,student464@attendence.com,Student@2026
Student,APS-2026-8B-015,"Aadhya Mehta",8 - B,student465@attendence.com,Student@2026
Student,APS-2026-8B-016,"Anika Joshi",8 - B,student466@attendence.com,Student@2026
Student,APS-2026-8B-017,"Kavya Reddy",8 - B,student467@attendence.com,Student@2026
Student,APS-2026-8B-018,"Aditi Mishra",8 - B,student468@attendence.com,Student@2026
Student,APS-2026-8B-019,"Avani Choudhury",8 - B,student469@attendence.com,Student@2026
Student,APS-2026-8B-020,"Prisha Desai",8 - B,student470@attendence.com,Student@2026
Student,APS-2026-8B-021,"Rohan Iyer",8 - B,student471@attendence.com,Student@2026
Student,APS-2026-8B-022,"Siddharth Bose",8 - B,student472@attendence.com,Student@2026
Student,APS-2026-8B-023,"Ishita Roy",8 - B,student473@attendence.com,Student@2026
Student,APS-2026-8B-024,"Tanisha Kapoor",8 - B,student474@attendence.com,Student@2026
Student,APS-2026-8B-025,"Meera Yadav",8 - B,student475@attendence.com,Student@2026
Student,APS-2026-8B-026,"Karan Verma",8 - B,student476@attendence.com,Student@2026
Student,APS-2026-8B-027,"Rahul Patel",8 - B,student477@attendence.com,Student@2026
Student,APS-2026-8B-028,"Varun Singh",8 - B,student478@attendence.com,Student@2026
Student,APS-2026-8B-029,"Neha Rao",8 - B,student479@attendence.com,Student@2026
Student,APS-2026-8B-030,"Pooja Kumar",8 - B,student480@attendence.com,Student@2026
Student,APS-2026-9A-001,"Aarav Joshi",9 - A,student481@attendence.com,Student@2026
Student,APS-2026-9A-002,"Vivaan Reddy",9 - A,student482@attendence.com,Student@2026
Student,APS-2026-9A-003,"Aditya Mishra",9 - A,student483@attendence.com,Student@2026
Student,APS-2026-9A-004,"Vihaan Choudhury",9 - A,student484@attendence.com,Student@2026
Student,APS-2026-9A-005,"Arjun Desai",9 - A,student485@attendence.com,Student@2026
Student,APS-2026-9A-006,"Sai Iyer",9 - A,student486@attendence.com,Student@2026
Student,APS-2026-9A-007,"Reyansh Bose",9 - A,student487@attendence.com,Student@2026
Student,APS-2026-9A-008,"Krishna Roy",9 - A,student488@attendence.com,Student@2026
Student,APS-2026-9A-009,"Ishaan Kapoor",9 - A,student489@attendence.com,Student@2026
Student,APS-2026-9A-010,"Shaurya Yadav",9 - A,student490@attendence.com,Student@2026
Student,APS-2026-9A-011,"Atharva Verma",9 - A,student491@attendence.com,Student@2026
Student,APS-2026-9A-012,"Aaryan Patel",9 - A,student492@attendence.com,Student@2026
Student,APS-2026-9A-013,"Dev Singh",9 - A,student493@attendence.com,Student@2026
Student,APS-2026-9A-014,"Kabir Rao",9 - A,student494@attendence.com,Student@2026
Student,APS-2026-9A-015,"Aryan Kumar",9 - A,student495@attendence.com,Student@2026
Student,APS-2026-9A-016,"Ananya Pandey",9 - A,student496@attendence.com,Student@2026
Student,APS-2026-9A-017,"Diya Trivedi",9 - A,student497@attendence.com,Student@2026
Student,APS-2026-9A-018,"Saanvi Nair",9 - A,student498@attendence.com,Student@2026
Student,APS-2026-9A-019,"Pari Sen",9 - A,student499@attendence.com,Student@2026
Student,APS-2026-9A-020,"Angel Das",9 - A,student500@attendence.com,Student@2026
Student,APS-2026-9A-021,"Ishi Malhotra",9 - A,student501@attendence.com,Student@2026
Student,APS-2026-9A-022,"Aanya Khanna",9 - A,student502@attendence.com,Student@2026
Student,APS-2026-9A-023,"Pihu Sharma",9 - A,student503@attendence.com,Student@2026
Student,APS-2026-9A-024,"Riya Gupta",9 - A,student504@attendence.com,Student@2026
Student,APS-2026-9A-025,"Aadhya Mehta",9 - A,student505@attendence.com,Student@2026
Student,APS-2026-9A-026,"Anika Joshi",9 - A,student506@attendence.com,Student@2026
Student,APS-2026-9A-027,"Kavya Reddy",9 - A,student507@attendence.com,Student@2026
Student,APS-2026-9A-028,"Aditi Mishra",9 - A,student508@attendence.com,Student@2026
Student,APS-2026-9A-029,"Avani Choudhury",9 - A,student509@attendence.com,Student@2026
Student,APS-2026-9A-030,"Prisha Desai",9 - A,student510@attendence.com,Student@2026
Student,APS-2026-9B-001,"Rohan Pandey",9 - B,student511@attendence.com,Student@2026
Student,APS-2026-9B-002,"Siddharth Trivedi",9 - B,student512@attendence.com,Student@2026
Student,APS-2026-9B-003,"Ishita Nair",9 - B,student513@attendence.com,Student@2026
Student,APS-2026-9B-004,"Tanisha Sen",9 - B,student514@attendence.com,Student@2026
Student,APS-2026-9B-005,"Meera Das",9 - B,student515@attendence.com,Student@2026
Student,APS-2026-9B-006,"Karan Malhotra",9 - B,student516@attendence.com,Student@2026
Student,APS-2026-9B-007,"Rahul Khanna",9 - B,student517@attendence.com,Student@2026
Student,APS-2026-9B-008,"Varun Sharma",9 - B,student518@attendence.com,Student@2026
Student,APS-2026-9B-009,"Neha Gupta",9 - B,student519@attendence.com,Student@2026
Student,APS-2026-9B-010,"Pooja Mehta",9 - B,student520@attendence.com,Student@2026
Student,APS-2026-9B-011,"Aarav Joshi",9 - B,student521@attendence.com,Student@2026
Student,APS-2026-9B-012,"Vivaan Reddy",9 - B,student522@attendence.com,Student@2026
Student,APS-2026-9B-013,"Aditya Mishra",9 - B,student523@attendence.com,Student@2026
Student,APS-2026-9B-014,"Vihaan Choudhury",9 - B,student524@attendence.com,Student@2026
Student,APS-2026-9B-015,"Arjun Desai",9 - B,student525@attendence.com,Student@2026
Student,APS-2026-9B-016,"Sai Iyer",9 - B,student526@attendence.com,Student@2026
Student,APS-2026-9B-017,"Reyansh Bose",9 - B,student527@attendence.com,Student@2026
Student,APS-2026-9B-018,"Krishna Roy",9 - B,student528@attendence.com,Student@2026
Student,APS-2026-9B-019,"Ishaan Kapoor",9 - B,student529@attendence.com,Student@2026
Student,APS-2026-9B-020,"Shaurya Yadav",9 - B,student530@attendence.com,Student@2026
Student,APS-2026-9B-021,"Atharva Verma",9 - B,student531@attendence.com,Student@2026
Student,APS-2026-9B-022,"Aaryan Patel",9 - B,student532@attendence.com,Student@2026
Student,APS-2026-9B-023,"Dev Singh",9 - B,student533@attendence.com,Student@2026
Student,APS-2026-9B-024,"Kabir Rao",9 - B,student534@attendence.com,Student@2026
Student,APS-2026-9B-025,"Aryan Kumar",9 - B,student535@attendence.com,Student@2026
Student,APS-2026-9B-026,"Ananya Pandey",9 - B,student536@attendence.com,Student@2026
Student,APS-2026-9B-027,"Diya Trivedi",9 - B,student537@attendence.com,Student@2026
Student,APS-2026-9B-028,"Saanvi Nair",9 - B,student538@attendence.com,Student@2026
Student,APS-2026-9B-029,"Pari Sen",9 - B,student539@attendence.com,Student@2026
Student,APS-2026-9B-030,"Angel Das",9 - B,student540@attendence.com,Student@2026
Student,APS-2026-10A-001,"Ishi Iyer",10 - A,student541@attendence.com,Student@2026
Student,APS-2026-10A-002,"Aanya Bose",10 - A,student542@attendence.com,Student@2026
Student,APS-2026-10A-003,"Pihu Roy",10 - A,student543@attendence.com,Student@2026
Student,APS-2026-10A-004,"Riya Kapoor",10 - A,student544@attendence.com,Student@2026
Student,APS-2026-10A-005,"Aadhya Yadav",10 - A,student545@attendence.com,Student@2026
Student,APS-2026-10A-006,"Anika Verma",10 - A,student546@attendence.com,Student@2026
Student,APS-2026-10A-007,"Kavya Patel",10 - A,student547@attendence.com,Student@2026
Student,APS-2026-10A-008,"Aditi Singh",10 - A,student548@attendence.com,Student@2026
Student,APS-2026-10A-009,"Avani Rao",10 - A,student549@attendence.com,Student@2026
Student,APS-2026-10A-010,"Prisha Kumar",10 - A,student550@attendence.com,Student@2026
Student,APS-2026-10A-011,"Rohan Pandey",10 - A,student551@attendence.com,Student@2026
Student,APS-2026-10A-012,"Siddharth Trivedi",10 - A,student552@attendence.com,Student@2026
Student,APS-2026-10A-013,"Ishita Nair",10 - A,student553@attendence.com,Student@2026
Student,APS-2026-10A-014,"Tanisha Sen",10 - A,student554@attendence.com,Student@2026
Student,APS-2026-10A-015,"Meera Das",10 - A,student555@attendence.com,Student@2026
Student,APS-2026-10A-016,"Karan Malhotra",10 - A,student556@attendence.com,Student@2026
Student,APS-2026-10A-017,"Rahul Khanna",10 - A,student557@attendence.com,Student@2026
Student,APS-2026-10A-018,"Varun Sharma",10 - A,student558@attendence.com,Student@2026
Student,APS-2026-10A-019,"Neha Gupta",10 - A,student559@attendence.com,Student@2026
Student,APS-2026-10A-020,"Pooja Mehta",10 - A,student560@attendence.com,Student@2026
Student,APS-2026-10A-021,"Aarav Joshi",10 - A,student561@attendence.com,Student@2026
Student,APS-2026-10A-022,"Vivaan Reddy",10 - A,student562@attendence.com,Student@2026
Student,APS-2026-10A-023,"Aditya Mishra",10 - A,student563@attendence.com,Student@2026
Student,APS-2026-10A-024,"Vihaan Choudhury",10 - A,student564@attendence.com,Student@2026
Student,APS-2026-10A-025,"Arjun Desai",10 - A,student565@attendence.com,Student@2026
Student,APS-2026-10A-026,"Sai Iyer",10 - A,student566@attendence.com,Student@2026
Student,APS-2026-10A-027,"Reyansh Bose",10 - A,student567@attendence.com,Student@2026
Student,APS-2026-10A-028,"Krishna Roy",10 - A,student568@attendence.com,Student@2026
Student,APS-2026-10A-029,"Ishaan Kapoor",10 - A,student569@attendence.com,Student@2026
Student,APS-2026-10A-030,"Shaurya Yadav",10 - A,student570@attendence.com,Student@2026
Student,APS-2026-10B-001,"Atharva Malhotra",10 - B,student571@attendence.com,Student@2026
Student,APS-2026-10B-002,"Aaryan Khanna",10 - B,student572@attendence.com,Student@2026
Student,APS-2026-10B-003,"Dev Sharma",10 - B,student573@attendence.com,Student@2026
Student,APS-2026-10B-004,"Kabir Gupta",10 - B,student574@attendence.com,Student@2026
Student,APS-2026-10B-005,"Aryan Mehta",10 - B,student575@attendence.com,Student@2026
Student,APS-2026-10B-006,"Ananya Joshi",10 - B,student576@attendence.com,Student@2026
Student,APS-2026-10B-007,"Diya Reddy",10 - B,student577@attendence.com,Student@2026
Student,APS-2026-10B-008,"Saanvi Mishra",10 - B,student578@attendence.com,Student@2026
Student,APS-2026-10B-009,"Pari Choudhury",10 - B,student579@attendence.com,Student@2026
Student,APS-2026-10B-010,"Angel Desai",10 - B,student580@attendence.com,Student@2026
Student,APS-2026-10B-011,"Ishi Iyer",10 - B,student581@attendence.com,Student@2026
Student,APS-2026-10B-012,"Aanya Bose",10 - B,student582@attendence.com,Student@2026
Student,APS-2026-10B-013,"Pihu Roy",10 - B,student583@attendence.com,Student@2026
Student,APS-2026-10B-014,"Riya Kapoor",10 - B,student584@attendence.com,Student@2026
Student,APS-2026-10B-015,"Aadhya Yadav",10 - B,student585@attendence.com,Student@2026
Student,APS-2026-10B-016,"Anika Verma",10 - B,student586@attendence.com,Student@2026
Student,APS-2026-10B-017,"Kavya Patel",10 - B,student587@attendence.com,Student@2026
Student,APS-2026-10B-018,"Aditi Singh",10 - B,student588@attendence.com,Student@2026
Student,APS-2026-10B-019,"Avani Rao",10 - B,student589@attendence.com,Student@2026
Student,APS-2026-10B-020,"Prisha Kumar",10 - B,student590@attendence.com,Student@2026
Student,APS-2026-10B-021,"Rohan Pandey",10 - B,student591@attendence.com,Student@2026
Student,APS-2026-10B-022,"Siddharth Trivedi",10 - B,student592@attendence.com,Student@2026
Student,APS-2026-10B-023,"Ishita Nair",10 - B,student593@attendence.com,Student@2026
Student,APS-2026-10B-024,"Tanisha Sen",10 - B,student594@attendence.com,Student@2026
Student,APS-2026-10B-025,"Meera Das",10 - B,student595@attendence.com,Student@2026
Student,APS-2026-10B-026,"Karan Malhotra",10 - B,student596@attendence.com,Student@2026
Student,APS-2026-10B-027,"Rahul Khanna",10 - B,student597@attendence.com,Student@2026
Student,APS-2026-10B-028,"Varun Sharma",10 - B,student598@attendence.com,Student@2026
Student,APS-2026-10B-029,"Neha Gupta",10 - B,student599@attendence.com,Student@2026
Student,APS-2026-10B-030,"Pooja Mehta",10 - B,student600@attendence.com,Student@2026
